brand_name,has_5g,processor_brand,processor_speed,Battery,RAM,Storage,screen_size,num_rear_cameras,os,primary_camera_rear,primary_camera_front,price
oneplus,TRUE,snapdragon,3.2,5000,12,256,6.7,3,android,50,16,54999
oneplus,TRUE,snapdragon,2.2,5000,6,128,6.6,3,android,64,16,19989
samsung,TRUE,exynos,2.4,5000,4,64,6.6,3,android,50,13,16499
motorola,TRUE,snapdragon,2.2,5000,6,128,6.6,3,android,50,16,14999
realme,TRUE,dimensity,2.6,5000,6,128,6.7,3,android,108,16,24999
samsung,TRUE,snapdragon,2.2,5000,6,128,6.6,3,android,50,8,16999
apple,TRUE,bionic,3.2,3279,6,128,6.1,2,ios,12,12,65999
xiaomi,TRUE,dimensity,2.6,4980,8,256,6.7,3,android,200,16,29999
nothing,TRUE,snapdragon,2.5,4500,8,128,6.6,2,android,50,16,26749
oneplus,TRUE,dimensity,3,4500,8,128,6.4,3,android,50,32,28999
realme,TRUE,snapdragon,2.2,5000,6,128,6.7,2,android,108,16,18999
oppo,TRUE,dimensity,2.2,5000,8,128,6.6,2,android,50,8,18999
xiaomi,TRUE,dimensity,2.6,5000,6,128,6.7,3,android,50,16,24762
vivo,TRUE,snapdragon,2.2,5000,6,128,6.6,3,android,50,16,16990
samsung,TRUE,snapdragon,3.2,5000,8,256,6.8,4,android,200,12,114990
apple,TRUE,bionic,3.2,3240,4,128,6.1,2,ios,12,12,62999
vivo,FALSE,helio,2.3,5000,3,32,6.5,2,android,13,5,9999
oppo,TRUE,snapdragon,3.2,4700,16,256,6.7,3,android,50,32,45999
oneplus,TRUE,dimensity,2.8,5000,8,128,6.7,3,android,50,16,32999
vivo,FALSE,helio,2,5000,4,64,6.6,2,android,50,8,14499
oneplus,TRUE,snapdragon,3.2,5000,8,128,6.7,3,android,50,16,39999
vivo,TRUE,dimensity,3,4830,8,128,6.6,3,android,64,32,35999
poco,TRUE,snapdragon,2.2,5000,6,64,6.7,3,android,64,16,14999
xiaomi,TRUE,snapdragon,2,5000,4,128,6.7,3,android,48,13,17859
vivo,TRUE,dimensity,3.2,4800,12,256,6.7,3,android,64,32,42990
samsung,TRUE,snapdragon,2.8,4500,8,128,6.5,3,android,12,32,31239
oneplus,TRUE,snapdragon,2.2,5000,8,128,6.6,3,android,64,16,21995
apple,TRUE,bionic,3.2,4323,6,128,6.7,3,ios,48,12,129990
vivo,TRUE,dimensity,2,4500,8,128,6.4,3,android,64,50,27999
oneplus,TRUE,snapdragon,3.2,4500,8,128,6.7,3,android,50,16,69999
realme,TRUE,snapdragon,2.2,5000,8,128,6.7,2,android,108,16,19999
poco,TRUE,snapdragon,2.4,5000,6,128,6.7,3,android,108,16,20999
vivo,TRUE,dimensity,2.2,4700,8,256,6.6,3,android,64,50,27990
apple,FALSE,bionic,2.6,3110,4,64,6.1,2,ios,12,12,38999
samsung,TRUE,dimensity,2.4,5000,6,128,6.7,4,android,108,32,23790
samsung,TRUE,exynos,2.9,4500,8,128,6.4,3,android,12,32,39999
oppo,TRUE,snapdragon,2.2,5000,8,256,6.7,3,android,108,16,29990
samsung,TRUE,snapdragon,3,5000,12,256,6.8,4,android,108,40,91999
xiaomi,TRUE,snapdragon,2.4,5200,6,128,6.7,4,android,108,32,32999
oppo,TRUE,snapdragon,2.4,4500,8,256,6.7,2,android,64,32,28499
oneplus,TRUE,snapdragon,2.2,5000,6,128,6.7,3,android,108,16,21999
xiaomi,TRUE,snapdragon,2.2,5000,6,128,6.7,3,android,108,16,19999
motorola,TRUE,dimensity,2.4,5000,6,128,6.7,3,android,108,32,18999
realme,TRUE,dimensity,2.6,5000,8,256,6.7,3,android,108,16,27999
vivo,FALSE,snapdragon,2.4,5000,8,128,6.6,3,android,50,16,18499
samsung,TRUE,exynos,2.4,6000,6,128,6.6,4,android,50,8,17478
xiaomi,FALSE,snapdragon,2.4,5000,4,64,6.4,4,android,50,13,11936
realme,FALSE,unisoc,1.8,5000,3,32,6.5,2,android,50,5,8950
vivo,FALSE,helio,2.3,5000,4,64,6.5,2,android,13,5,12489
samsung,TRUE,snapdragon,2.4,5000,8,128,6.7,4,android,108,32,42999
samsung,TRUE,exynos,2.4,5000,6,128,6.6,3,android,50,13,18999
iqoo,TRUE,dimensity,3.1,5000,8,128,6.8,3,android,64,16,29999
jio,TRUE,snapdragon,2.2,5000,4,32,6.5,1,android,13,8,11990
motorola,TRUE,snapdragon,2.2,5000,6,128,6.6,3,android,50,16,18999
realme,FALSE,helio,2.2,5000,4,64,6.4,2,android,50,16,13999
realme,TRUE,dimensity,2.4,5000,4,64,6.6,3,android,50,8,14965
apple,TRUE,bionic,3.2,4325,6,128,6.7,2,ios,12,12,74999
xiaomi,FALSE,helio,2,5000,6,64,6.4,4,android,64,13,10999
samsung,TRUE,snapdragon,3.2,4700,8,256,6.6,3,android,50,12,84990
motorola,FALSE,snapdragon,2.4,5000,4,64,6.6,3,android,50,16,10499
xiaomi,TRUE,dimensity,2,5000,6,128,6.7,3,android,108,16,17990
vivo,TRUE,snapdragon,3.2,4600,8,128,6.8,3,android,64,50,29990
samsung,FALSE,snapdragon,2.4,5000,6,128,6.6,4,android,50,8,18499
vivo,FALSE,helio,2,5000,6,128,6.6,2,android,50,8,16499
poco,TRUE,dimensity,2.4,5000,6,128,6.6,2,android,50,16,14999
vivo,TRUE,dimensity,3.1,4600,8,256,6.8,3,android,50,50,35499
oneplus,TRUE,snapdragon,3,5000,8,128,6.7,3,android,50,32,60999
xiaomi,TRUE,dimensity,2.6,4980,12,256,6.7,3,android,200,16,32999
samsung,TRUE,snapdragon,2.2,5000,4,128,6.6,3,android,50,8,15999
oppo,TRUE,snapdragon,3.2,5000,8,256,7.1,2,android,50,32,99990
oppo,FALSE,helio,2.3,5000,3,64,6.6,1,android,8,5,9499
vivo,TRUE,dimensity,2.5,4200,12,256,6.4,3,android,64,50,27994
iqoo,TRUE,snapdragon,2,5000,4,64,6.6,2,android,50,8,13989
oneplus,TRUE,snapdragon,3.2,4800,8,128,6.7,3,android,50,16,44999
xiaomi,TRUE,dimensity,2.2,5000,6,128,6.5,3,android,48,8,13999
gionee,FALSE,tiger,2,3500,4,32,6.3,2,android,13,5,6190
apple,TRUE,bionic,3.2,3095,6,128,6.1,3,ios,12,12,119900
oppo,TRUE,snapdragon,2.2,4800,8,128,6.6,3,android,64,32,27660
samsung,TRUE,exynos,2.7,5000,6,128,6.5,4,android,48,13,24999
xiaomi,FALSE,helio,2,5000,4,64,6.5,1,android,13,5,8388
motorola,FALSE,helio,2.2,5000,6,128,6.6,3,android,108,16,15999
samsung,TRUE,exynos,2.4,5000,8,128,6.6,3,android,50,13,20999
realme,TRUE,dimensity,2.4,5000,4,64,6.5,3,android,48,16,13999
vivo,TRUE,snapdragon,2.2,5000,8,128,6.6,3,android,50,16,19990
samsung,TRUE,dimensity,2.2,5000,6,128,6.5,2,android,50,5,13999
motorola,TRUE,snapdragon,2.5,4020,6,128,6.5,3,android,50,32,22999
samsung,TRUE,snapdragon,2.2,5000,6,128,6.6,4,android,50,8,22999
oppo,TRUE,dimensity,2.4,5000,8,128,6.6,2,android,48,8,16999
xiaomi,FALSE,snapdragon,2.4,5000,6,128,6.4,4,android,50,13,14290
samsung,TRUE,snapdragon,2.4,5000,8,128,6.7,4,android,108,32,41999
vivo,FALSE,helio,2.3,5000,4,64,6.5,2,android,13,8,13489
oneplus,TRUE,dimensity,2.8,5000,8,128,6.6,3,android,64,16,22990
motorola,TRUE,snapdragon,2.2,5000,8,128,6.6,3,android,50,16,16499
vivo,TRUE,snapdragon,3.2,4700,12,256,6.8,4,android,50.3,32,73999
realme,FALSE,unisoc,1.8,5000,4,64,6.5,2,android,50,5,9999
realme,FALSE,snapdragon,2.4,5000,4,64,6.6,3,android,50,16,12499
oppo,FALSE,helio,2.3,5000,4,64,6.6,2,android,50,5,12499
iqoo,TRUE,snapdragon,3.2,5000,8,256,6.8,3,android,50,16,59999
vivo,TRUE,snapdragon,3,4600,12,256,8,4,android,50,16,106990
vivo,TRUE,snapdragon,2.2,5000,4,128,6.6,3,android,50,16,15990
apple,TRUE,bionic,3.2,3200,6,128,6.1,3,ios,48,12,119990
xiaomi,TRUE,snapdragon,2.4,5200,6,128,6.7,4,android,108,32,19999
motorola,TRUE,snapdragon,2.9,4400,8,128,6.6,3,android,50,32,23990
realme,TRUE,dimensity,2.4,5000,8,128,6.6,2,android,50,8,12999
oppo,TRUE,dimensity,2.4,4310,8,128,6.4,4,android,48,16,19990
xiaomi,TRUE,snapdragon,3.2,4820,8,128,6.7,3,android,50.3,32,58990
vivo,TRUE,dimensity,3.2,5000,12,256,6.7,3,android,108,32,43999
samsung,TRUE,snapdragon,3,3700,8,128,6.1,3,android,50,10,49999
vivo,FALSE,snapdragon,2.4,5000,6,128,6.4,3,android,50,16,15999
oneplus,TRUE,dimensity,2.8,5000,12,256,6.7,3,android,50,16,36999
tecno,TRUE,dimensity,3,5160,8,256,6.8,3,android,64,32,39999
apple,TRUE,bionic,3.1,3240,4,64,6.1,2,ios,12,12,51999
xiaomi,TRUE,dimensity,2.8,5080,6,128,6.6,3,android,64,16,22999
samsung,TRUE,exynos,2.4,5000,6,128,6.5,4,android,64,32,31999
xiaomi,FALSE,helio,2,5000,2,32,6.5,2,android,8,5,6171
oppo,TRUE,dimensity,3,4500,8,128,6.4,3,android,50,32,29340
samsung,TRUE,dimensity,2.4,5000,8,128,6.7,4,android,108,32,25289
iqoo,TRUE,snapdragon,2.4,4700,6,128,6.4,3,android,64,16,21788
tesla,TRUE,snapdragon,3.2,5000,16,512,6.7,3,android,50,32,69999
samsung,TRUE,snapdragon,3.2,3900,8,128,6.1,3,android,50,12,70990
motorola,TRUE,snapdragon,3,4800,8,128,6.7,3,android,50,60,34999
oneplus,TRUE,dimensity,3,4500,12,256,6.4,3,android,50,32,33900
google,TRUE,google,2.8,4410,6,128,6.1,2,android,12.2,8,29999
infinix,TRUE,dimensity,2.4,5000,8,128,6.7,3,android,108,16,18999
samsung,TRUE,exynos,2.4,6000,8,128,6.6,4,android,50,8,19499
vivo,TRUE,dimensity,2.5,4200,8,128,6.4,3,android,64,50,24994
motorola,FALSE,snapdragon,2.4,5000,4,64,6.5,3,android,50,16,10999
oneplus,TRUE,snapdragon,2.2,5000,8,256,6.6,3,android,64,16,24999
samsung,TRUE,exynos,2.4,5000,6,128,6.4,4,android,48,13,25999
google,TRUE,google,2.8,4410,6,128,6.1,2,android,12.2,8,34990
xiaomi,TRUE,dimensity,2.2,5000,4,64,6.6,2,android,50,5,13466
xiaomi,FALSE,snapdragon,2.3,5020,4,64,6.7,4,android,48,16,9999
motorola,FALSE,tiger,1.8,5000,4,64,6.5,3,android,48,8,7999
nothing,TRUE,snapdragon,2.5,4500,8,256,6.6,2,android,50,16,28249
poco,TRUE,snapdragon,2.2,5000,6,128,6.7,3,android,64,16,16499
xiaomi,TRUE,snapdragon,2.2,5000,8,256,6.7,3,android,108,16,22999
apple,FALSE,bionic,2.6,3110,4,128,6.1,2,ios,12,12,46999
realme,FALSE,tiger,1.8,5000,6,128,6.6,3,android,50,8,13999
oppo,FALSE,snapdragon,2.4,5000,6,128,6.6,3,android,50,16,13490
iqoo,TRUE,snapdragon,3.2,4700,8,128,6.6,3,android,64,16,28999
iqoo,TRUE,snapdragon,2.2,5000,4,128,6.6,3,android,50,16,15499
oppo,TRUE,dimensity,2.8,4500,16,256,6.7,2,android,50,32,39999
poco,TRUE,dimensity,2.4,5000,4,64,6.6,2,android,50,16,12999
jio,FALSE,snapdragon,1.4,2800,2,64,5,1,android,5,2,4499
oneplus,FALSE,snapdragon,1.8,6000,4,64,6.5,3,android,13,8,14999
samsung,FALSE,helio,2.3,5000,4,64,6.5,2,android,13,5,8499
iqoo,TRUE,snapdragon,3.2,4400,8,128,6.6,3,android,48,16,24990
samsung,TRUE,exynos,2.4,6000,6,128,6.5,4,android,64,32,16999
xiaomi,FALSE,snapdragon,2.4,6000,4,64,6.7,2,android,50,5,9589
apple,TRUE,bionic,3.1,3240,4,64,5.4,2,ios,12,12,40999
xiaomi,TRUE,snapdragon,2,5000,6,128,6.7,3,android,48,13,19988
motorola,FALSE,snapdragon,2.4,5000,4,64,6.6,3,android,50,16,11999
apple,TRUE,bionic,3.2,4352,8,256,6.7,3,ios,50,12,142990
oppo,TRUE,snapdragon,3,5000,8,128,6.7,2,android,108,16,30990
infinix,TRUE,dimensity,2.6,5000,8,256,6.8,3,android,50,16,19499
realme,FALSE,tiger,1.8,5000,2,32,6.5,1,android,8,5,5299
oppo,TRUE,snapdragon,2.2,4500,8,128,6.4,3,android,64,16,25969
realme,TRUE,snapdragon,3,5000,6,128,6.4,3,android,64,32,28999
oppo,TRUE,snapdragon,3.2,4520,12,256,7.1,3,android,50,32,94990
realme,FALSE,snapdragon,2.4,5000,6,128,6.4,3,android,108,16,14999
apple,TRUE,bionic,3.2,4352,6,128,6.7,3,ios,12,12,129900
oppo,TRUE,snapdragon,3.2,4700,12,256,6.7,4,android,64,32,58990
vivo,TRUE,dimensity,3,4810,8,128,6.8,3,android,50,32,41990
samsung,FALSE,exynos,2,6000,4,64,6.6,3,android,50,8,10999
xiaomi,FALSE,helio,2,5000,6,128,6.4,4,android,64,13,11999
realme,FALSE,helio,2.2,5000,8,128,6.4,2,android,50,16,16999
iqoo,TRUE,snapdragon,2.8,4500,8,128,6.6,3,android,48,16,30990
infinix,TRUE,dimensity,2.4,5000,4,64,6.6,2,android,50,8,17999
letv,FALSE,tiger,2,4000,4,32,6.5,2,android,8,5,5499
xiaomi,TRUE,snapdragon,2.4,5200,6,128,6.7,4,android,108,32,20499
realme,TRUE,dimensity,2.5,5000,6,128,6.4,3,android,48,16,20490
oppo,TRUE,snapdragon,2,5000,6,128,6.5,3,android,48,8,15490
apple,FALSE,bionic,2.6,2050,3,64,4.7,1,ios,12,7,29990
iqoo,TRUE,snapdragon,2,5000,6,128,6.6,2,android,50,8,15499
xiaomi,FALSE,helio,2,5000,6,64,6.4,4,android,64,13,11999
realme,FALSE,helio,2,5000,4,64,6.6,3,android,50,16,10999
vivo,TRUE,dimensity,2.2,5000,8,128,6.6,3,android,50,16,21990
vivo,TRUE,dimensity,2,4500,12,256,6.4,3,android,64,50,31999
poco,FALSE,helio,2,5000,6,64,6.4,3,android,64,16,11999
infinix,TRUE,dimensity,2.5,4500,8,256,6.8,3,android,200,32,36999
tecno,FALSE,helio,2,5000,3,32,6.6,2,android,13,5,6999
motorola,TRUE,snapdragon,3.2,4600,8,128,6.7,3,android,50,60,39999
samsung,TRUE,snapdragon,2.2,5000,4,128,6.6,3,android,50,8,14999
realme,TRUE,dimensity,2.2,5000,8,128,6.6,3,android,50,8,14499
oneplus,TRUE,dimensity,3.1,4200,8,128,6.4,3,android,50,32,27999
motorola,TRUE,snapdragon,2.2,5000,8,128,6.6,3,android,50,16,20499
ikall,FALSE,helio,1.6,5000,4,64,6.5,1,android,13,8,8099
leeco,FALSE,tiger,1.8,5000,8,128,6.5,2,android,13,5,10999
realme,FALSE,helio,2,4000,3,32,6.1,2,android,13,5,3499
samsung,TRUE,snapdragon,2.8,6000,6,128,6.7,3,android,64,32,34999
nokia,TRUE,snapdragon,3,6000,12,256,6.9,1,android,200,32,46999
motorola,TRUE,snapdragon,2.9,4400,8,128,6.6,3,android,50,32,39999
realme,FALSE,tiger,1.8,5000,4,64,6.6,3,android,50,8,11828
oppo,TRUE,dimensity,2.8,4500,12,256,6.7,3,android,50,32,45999
oneplus,TRUE,snapdragon,2.2,5000,6,128,6.6,3,android,50,16,18999
poco,TRUE,snapdragon,2.2,5000,8,128,6.7,3,android,64,16,17999
samsung,FALSE,helio,2.3,5000,4,64,6.5,2,android,13,5,8499
oppo,FALSE,snapdragon,2.4,5000,8,128,6.6,2,android,50,8,17999
samsung,FALSE,exynos,2,5000,4,64,6.6,4,android,50,8,14450
motorola,TRUE,snapdragon,3.2,4610,8,128,6.7,3,android,200,60,54999
xiaomi,TRUE,snapdragon,3.2,5000,12,256,6.6,4,android,108,32,71999
motorola,FALSE,snapdragon,2.4,5000,6,128,6.6,3,android,50,16,12999
poco,TRUE,dimensity,2.2,5000,4,64,6.6,2,android,50,8,11499
nothing,TRUE,snapdragon,2.5,4500,12,256,6.6,2,android,50,16,35999
samsung,TRUE,exynos,2.7,5000,6,128,6.4,3,android,50,32,34999
tecno,FALSE,helio,2.2,6000,8,128,6.8,2,android,50,8,11999
xiaomi,TRUE,dimensity,2.6,5000,8,256,6.7,3,android,50,16,27994
apple,TRUE,bionic,3.2,4323,6,256,6.7,3,ios,48,12,139990
vivo,TRUE,dimensity,3,4830,12,256,6.6,3,android,64,32,39999
realme,TRUE,dimensity,2.4,5000,6,128,6.5,3,android,48,16,15499
realme,TRUE,snapdragon,2.2,5000,6,128,6.6,3,android,64,16,18999
lava,TRUE,dimensity,2.2,5000,4,128,6.5,3,android,50,8,10999
honor,TRUE,snapdragon,2.2,5100,8,256,6.7,3,android,64,16,27999
google,TRUE,google,2.8,5000,12,128,6.7,3,android,50,10.8,81999
tecno,FALSE,helio,2,7000,4,64,7,3,android,50,8,9999
vivo,TRUE,dimensity,3,4300,8,128,6.6,3,android,108,50,31994
samsung,FALSE,helio,2.3,5000,3,32,6.5,2,android,13,5,9299
xiaomi,TRUE,snapdragon,3.2,5500,8,128,6.7,3,android,64,16,29990
realme,TRUE,dimensity,2.5,4500,6,128,6.4,3,android,50,16,25900
realme,TRUE,dimensity,2.4,5000,6,128,6.6,3,android,50,8,16999
motorola,TRUE,snapdragon,2.5,4020,8,128,6.5,3,android,50,32,24999
xiaomi,FALSE,snapdragon,2.4,5000,6,64,6.4,4,android,50,13,12188
vivo,FALSE,helio,2,5000,3,32,6.5,1,android,8,5,8999
poco,FALSE,helio,2.3,5000,4,64,6.5,3,android,13,5,7499
realme,TRUE,dimensity,2.4,5000,6,128,6.6,3,android,48,16,17999
realme,TRUE,snapdragon,3.2,5000,6,128,6.6,3,android,64,16,24999
oppo,TRUE,dimensity,2.8,4500,12,256,6.7,3,android,50,32,45999
oneplus,TRUE,snapdragon,3,5000,12,256,6.7,3,android,50,32,65499
iqoo,TRUE,snapdragon,3.2,4700,8,256,6.8,3,android,50,16,58990
vivo,FALSE,snapdragon,2.4,5000,4,64,6.6,2,android,50,8,11999
xiaomi,FALSE,snapdragon,2.4,6000,8,128,6.7,2,android,50,5,11999
oppo,TRUE,dimensity,2.2,5000,6,128,6.6,2,android,50,8,18990
vivo,FALSE,snapdragon,2.4,5000,4,128,6.4,3,android,50,16,14499
xiaomi,TRUE,snapdragon,3.2,4500,12,256,8,3,android,50,20,106990
vivo,FALSE,helio,2.3,5000,3,64,6.5,2,android,13,5,10499
oppo,TRUE,snapdragon,2.2,4500,8,256,6.4,3,android,64,16,26990
vivo,FALSE,helio,2,4050,8,128,6.4,3,android,50,44,19990
xiaomi,TRUE,dimensity,2.6,4300,8,256,6.7,3,android,200,16,24999
oppo,FALSE,helio,2.3,5000,4,64,6.6,2,android,13,8,13969
samsung,TRUE,snapdragon,3.2,5000,8,128,6.7,4,android,108,32,44999
vivo,TRUE,snapdragon,2.4,4700,8,128,6.4,3,android,64,16,24999
google,TRUE,google,2.8,4355,8,128,6.3,2,android,50,10.8,53100
xiaomi,TRUE,dimensity,2.4,5000,6,128,6.6,2,android,50,16,16999
oppo,FALSE,snapdragon,2.4,4500,8,128,6.4,3,android,64,32,21899
apple,TRUE,bionic,3.2,3279,6,256,6.1,2,ios,12,12,75999
motorola,TRUE,dimensity,2.2,5000,8,256,6.5,2,android,50,16,25999
nubia,TRUE,snapdragon,3.2,6000,8,128,6.8,3,android,50,16,46990
motorola,FALSE,helio,2,5000,4,64,6.5,3,android,50,13,9999
tecno,TRUE,dimensity,3,5160,12,256,6.8,3,android,50,32,49999
infinix,FALSE,helio,2.2,4500,8,128,6.7,3,android,108,60,17999
iqoo,TRUE,snapdragon,2.2,5000,6,128,6.6,3,android,50,16,16940
xiaomi,TRUE,snapdragon,2.2,5000,6,64,6.7,3,android,108,16,17990
oppo,TRUE,snapdragon,2.2,4800,8,128,6.7,2,android,108,16,20990
samsung,TRUE,exynos,2.7,4200,8,128,6.4,3,android,12,32,51999
samsung,TRUE,snapdragon,3,4500,8,128,6.6,3,android,50,10,64449
vivo,TRUE,snapdragon,2,5000,6,64,6.6,2,android,13,8,8990
motorola,FALSE,helio,2,5000,4,128,6.5,3,android,50,16,19999
poco,TRUE,dimensity,2.2,5000,6,128,6.6,2,android,50,8,13499
tecno,TRUE,dimensity,2.4,6000,8,128,6.9,3,android,50,16,15499
poco,FALSE,helio,2.3,5000,3,32,6.5,3,android,13,5,6499
apple,FALSE,bionic,3.2,3060,4,64,6.1,2,ios,12,7,71999
samsung,TRUE,exynos,2.4,5000,8,256,6.5,4,android,64,32,36499
infinix,TRUE,dimensity,2.4,5000,6,64,6.7,3,android,50,16,15999
oppo,TRUE,dimensity,3,4500,12,256,6.6,3,android,50,32,31994
oneplus,TRUE,snapdragon,3.2,5000,8,128,6.7,3,android,50,16,34999
redmi,FALSE,snapdragon,2.3,5000,6,128,6.7,4,android,108,16,18999
nothing,TRUE,snapdragon,3.2,4700,8,128,6.7,3,android,50,32,39990
samsung,FALSE,helio,2,5000,8,128,6.4,4,android,64,20,16499
google,TRUE,google,2.8,5003,12,128,6.7,3,android,50,11.1,54300
infinix,FALSE,helio,2,5000,4,64,6.7,3,android,50,8,9999
xiaomi,TRUE,dimensity,2.2,5000,6,128,6.6,2,android,50,5,15990
xiaomi,TRUE,snapdragon,2.2,5000,8,128,6.7,3,android,108,16,22700
xiaomi,TRUE,snapdragon,3,4600,8,256,6.7,3,android,50,32,50990
apple,TRUE,bionic,3.2,2438,4,128,5.4,2,ios,12,12,64900
tecno,FALSE,helio,2,7000,6,128,6.9,3,android,50,8,13799
realme,FALSE,tiger,1.8,5000,4,64,6.5,3,android,13,5,8999
asus,TRUE,snapdragon,3.2,6000,18,512,6.8,3,android,50,12,89999
vivo,TRUE,dimensity,2.4,4050,8,128,6.4,3,android,50,44,21994
apple,FALSE,bionic,3.2,3500,6,128,5.4,2,ios,12,12,69990
xiaomi,TRUE,dimensity,2.2,5000,4,64,6.5,3,android,48,8,12999
iqoo,TRUE,dimensity,3.1,5000,8,128,6.8,3,android,64,16,24990
samsung,FALSE,snapdragon,2.4,5000,8,128,6.6,4,android,50,8,19990
xiaomi,TRUE,dimensity,2.6,5000,8,128,6.7,3,android,50,16,26999
xiaomi,TRUE,snapdragon,2.4,5000,8,128,6.7,3,android,50,16,19999
infinix,FALSE,helio,2.2,5000,8,256,6.7,3,android,108,16,16900
infinix,TRUE,dimensity,2.4,5000,6,128,6.6,2,android,50,8,19999
apple,TRUE,bionic,3.2,4323,6,1024,6.7,3,ios,48,12,182999
samsung,FALSE,exynos,2,6000,6,128,6.6,3,android,50,8,12999
poco,TRUE,dimensity,2.4,5000,8,128,6.6,2,android,50,16,15999
xiaomi,FALSE,helio,2,5000,8,128,6.4,4,android,64,13,13999
realme,FALSE,sc9863a,1.6,5000,4,64,6.5,1,android,8,5,7749
samsung,TRUE,snapdragon,2.2,5000,8,128,6.6,4,android,50,8,24999
motorola,TRUE,snapdragon,3.2,4610,12,256,6.7,3,android,200,60,59999
oppo,TRUE,snapdragon,2.2,4500,8,128,6.4,3,android,64,16,25895
xiaomi,TRUE,snapdragon,3.2,4500,8,128,6.4,3,android,50,32,46990
xiaomi,FALSE,helio,2,5000,3,32,6.5,1,android,13,5,7499
vivo,FALSE,helio,2.3,5000,2,32,6.5,1,android,8,5,7790
xiaomi,TRUE,dimensity,2.8,5080,8,256,6.6,3,android,64,16,25999
realme,FALSE,tiger,1.8,5000,3,32,6.5,1,android,8,5,6299
motorola,TRUE,snapdragon,2.2,5000,4,64,6.8,3,android,50,13,12999
xiaomi,FALSE,snapdragon,2.4,6000,6,128,6.7,2,android,50,5,11999
xiaomi,TRUE,snapdragon,2.4,4250,6,128,6.6,3,android,64,20,21890
samsung,TRUE,snapdragon,2.8,3300,8,128,6.7,2,android,12,10,69999
apple,TRUE,bionic,3.1,3240,4,128,6.1,2,ios,12,12,55999
oneplus,TRUE,snapdragon,3.2,4800,16,256,6.7,3,android,50,16,55999
samsung,FALSE,exynos,2,5000,4,128,6.6,4,android,50,8,14999
oppo,TRUE,dimensity,2,4500,8,256,6.4,3,android,64,32,25994
oneplus,TRUE,snapdragon,2.8,4500,8,128,6.6,3,android,50,16,42999
samsung,TRUE,exynos,2.4,5000,8,128,6.5,4,android,64,32,33499
samsung,TRUE,snapdragon,3,5000,12,512,6.8,4,android,108,40,118999
motorola,TRUE,snapdragon,2.2,5000,6,128,6.4,3,android,50,16,16999
itel,FALSE,unisoc,1.3,4000,2,32,6.6,3,android,8,8,6990
vivo,TRUE,dimensity,2.4,5000,8,128,6,3,android,50,50,29990
samsung,TRUE,dimensity,2.2,5000,4,64,6.5,2,android,50,5,12944
poco,TRUE,dimensity,3.2,5000,8,128,6.7,3,android,64,32,29990
honor,TRUE,snapdragon,2.2,4800,8,128,6.8,3,android,48,16,16999
iqoo,TRUE,snapdragon,3.2,5000,16,256,6.8,3,android,50,16,64999
samsung,TRUE,snapdragon,3.2,4400,12,256,7.6,3,android,50,10,154998
royole,TRUE,snapdragon,2.8,4450,8,128,7.8,3,android,64,32,109999
apple,TRUE,bionic,3.2,4325,6,256,6.7,2,ios,12,12,84999
samsung,TRUE,exynos,2.4,5000,8,128,6.4,4,android,48,13,27499
tecno,FALSE,helio,2.3,5000,6,128,6.6,2,android,13,8,8999
google,TRUE,google,2.8,4614,8,128,6.4,2,android,50,8,40480
xiaomi,FALSE,snapdragon,2.3,5020,6,128,6.7,4,android,64,16,17999
samsung,TRUE,exynos,2.9,5000,12,256,6.8,4,android,108,40,105999
infinix,FALSE,helio,2.3,6000,4,64,6.8,2,android,13,8,8999
vivo,FALSE,snapdragon,2.4,5000,6,128,6.6,2,android,50,8,14999
oppo,TRUE,snapdragon,2.2,4500,8,128,6.5,3,android,64,32,19990
iqoo,TRUE,snapdragon,2.4,4700,8,128,6.4,3,android,64,16,23399
samsung,TRUE,snapdragon,2.4,5000,8,256,6.7,4,android,108,32,41990
realme,TRUE,snapdragon,2.4,5000,8,128,6.6,3,android,48,16,22998
poco,TRUE,snapdragon,3.2,4500,6,128,6.7,3,android,64,20,25999
infinix,FALSE,helio,2,5000,4,64,6.7,3,android,50,16,11700
samsung,FALSE,unisoc,1.6,5000,2,32,6.5,1,android,8,5,6499
motorola,FALSE,snapdragon,2.3,6000,6,128,6.8,3,android,108,32,15999
oneplus,TRUE,snapdragon,2.8,4500,8,128,6.7,4,android,48,16,64800
xiaomi,FALSE,helio,2,5000,6,64,6.4,4,android,108,16,14590
xiaomi,FALSE,helio,2.3,5000,4,64,6.5,2,android,13,5,7499
tecno,TRUE,dimensity,2.4,5000,8,128,6.8,3,android,64,16,21999
samsung,FALSE,helio,2.3,5000,4,64,6.5,2,android,50,5,11999
poco,FALSE,helio,2,5000,6,128,6.4,3,android,64,16,12999
oneplus,TRUE,snapdragon,2.2,4500,6,128,6.4,3,android,64,16,20990
apple,TRUE,bionic,3.2,3240,4,256,6.1,2,ios,12,12,72999
oppo,TRUE,snapdragon,3.2,4700,12,256,6.8,3,android,50,32,77990
vivo,TRUE,dimensity,3,4870,8,256,6.8,3,android,50.3,32,56999
motorola,TRUE,snapdragon,2.2,5000,4,128,6.5,2,android,50,16,21999
motorola,FALSE,helio,2.3,5000,4,64,6.5,4,android,50,16,9499
xiaomi,FALSE,helio,2,5000,4,64,6.5,1,android,13,5,7499
jio,FALSE,snapdragon,1.3,3500,2,32,5.4,1,android,13,8,4649
vivo,FALSE,helio,2,4030,4,32,6.2,2,android,13,8,18000
xiaomi,TRUE,snapdragon,3.2,5000,8,128,6.7,3,android,54,16,38999
realme,FALSE,unisoc,1.6,5000,2,32,6.5,1,android,8,5,7145
vivo,FALSE,snapdragon,2.4,5000,8,128,6.6,2,android,50,8,14990
oppo,FALSE,helio,2.3,5000,4,64,6.6,2,android,50,8,15499
xiaomi,FALSE,helio,2,5000,6,128,6.5,1,android,13,5,9999
poco,TRUE,snapdragon,3.2,4500,12,256,6.7,3,android,64,20,29999
realme,FALSE,snapdragon,2.4,5000,8,128,6.4,3,android,108,16,15999
xiaomi,TRUE,snapdragon,3.2,5000,8,128,6.7,3,android,200,20,59990
iqoo,TRUE,snapdragon,2.9,4350,8,128,6.6,3,android,48,16,34990
apple,TRUE,bionic,3.1,3240,4,128,5.4,2,ios,12,12,45999
samsung,TRUE,snapdragon,3.2,5100,12,256,6.8,4,android,200,60,119990
oppo,TRUE,dimensity,3,4300,8,128,6.8,2,android,50,32,89990
oneplus,TRUE,snapdragon,3.2,4800,12,256,6.7,3,android,50,16,50999
tecno,FALSE,helio,2.3,5000,4,64,6.6,2,android,13,8,7999
samsung,TRUE,exynos,2.9,4500,8,256,6.4,3,android,12,32,43999
xiaomi,TRUE,dimensity,2.4,5000,8,128,6.6,2,android,50,16,18499
sony,TRUE,snapdragon,2.8,4500,12,512,6.5,3,android,12,8,134999
vivo,TRUE,snapdragon,2.4,4300,8,128,6.4,4,android,64,44,32999
poco,FALSE,snapdragon,2.3,6000,6,64,6.7,4,android,64,20,13499
samsung,FALSE,exynos,2.7,4500,8,128,6.5,3,android,12,32,35489
google,FALSE,snapdragon,2.8,2800,6,64,5.7,2,android,16,8,20120
samsung,FALSE,exynos,2.7,4100,8,128,6.4,3,android,16,10,42999
realme,TRUE,dimensity,2.2,4200,6,128,6.4,3,android,50,16,24999
oppo,FALSE,snapdragon,2.4,4500,8,128,6.5,3,android,64,32,20999
realme,TRUE,snapdragon,2.8,5000,8,128,6.6,3,android,50,16,28994
samsung,TRUE,exynos,2.9,4000,8,128,6.2,3,android,64,10,48900
samsung,FALSE,snapdragon,2.2,4500,8,128,6.7,4,android,64,32,22494
vivo,FALSE,helio,2.3,5000,3,32,6.5,1,android,8,5,8990
letv,FALSE,unisoc,1.6,4000,4,32,6.5,3,android,13,8,6999
tecno,FALSE,unisoc,2,5000,4,64,6.6,2,android,13,8,8890
iqoo,TRUE,snapdragon,2.2,5000,8,128,6.6,3,android,50,16,18498
vivo,TRUE,snapdragon,2.4,4700,6,128,6.4,3,android,64,16,23999
realme,TRUE,dimensity,2.5,4500,8,128,6.4,3,android,50,16,22994
samsung,FALSE,exynos,2,5000,4,64,6.5,3,android,50,5,12990
realme,FALSE,snapdragon,2.4,5000,6,128,6.6,3,android,50,16,14999
realme,TRUE,dimensity,2.2,5000,8,128,6.5,3,android,48,16,18499
oppo,FALSE,snapdragon,2,5000,6,128,6.4,3,android,48,16,14990
oppo,TRUE,dimensity,3.2,4300,8,256,6.8,2,android,50,32,70990
samsung,FALSE,helio,2,6000,4,64,6.4,4,android,64,20,12120
realme,TRUE,snapdragon,2.2,5000,8,128,6.6,3,android,64,16,20999
xiaomi,FALSE,snapdragon,2.3,5020,6,128,6.7,4,android,48,16,11999
samsung,TRUE,dimensity,2.2,5000,4,64,6.5,3,android,50,5,17990
xiaomi,TRUE,dimensity,2.4,5000,4,128,6.6,2,android,50,16,14990
itel,FALSE,spreadtrum,1.3,5000,1,16,6.5,2,android,8,8,6490
realme,TRUE,snapdragon,3.2,4600,8,128,6.7,3,android,50,16,34999
apple,TRUE,bionic,3.2,4700,8,128,6.7,3,ios,48,12,149900
poco,FALSE,helio,2,5000,2,32,6.5,2,android,8,5,6499
samsung,TRUE,snapdragon,3.2,4500,12,256,6.7,3,android,200,10,104999
realme,FALSE,snapdragon,2.4,5000,4,128,6.6,3,android,50,16,13999
xiaomi,TRUE,dimensity,2.4,5000,6,64,6.6,2,android,50,16,16999
vivo,TRUE,snapdragon,3,4700,12,256,6.8,4,android,50,32,79999
oppo,TRUE,dimensity,3,4500,12,256,6.6,4,android,64,32,36760
xiaomi,TRUE,dimensity,2.5,5160,6,128,6.7,3,android,108,16,23499
asus,TRUE,snapdragon,3.2,6000,18,256,6.8,3,android,64,32,75990
oppo,TRUE,snapdragon,2.4,5000,6,128,6.6,2,android,48,8,21990
realme,TRUE,snapdragon,2.4,5000,6,128,6.6,3,android,48,16,18999
samsung,FALSE,unisoc,1.6,5000,3,32,6.5,2,android,48,5,7249
oneplus,TRUE,snapdragon,2,5000,4,64,6.5,3,android,13,16,16990
xiaomi,TRUE,snapdragon,3.2,4520,6,128,6.7,3,android,48,20,23890
oppo,TRUE,dimensity,2,4300,8,128,6.4,3,android,64,32,26380
realme,TRUE,snapdragon,2.8,4200,12,256,6.4,4,android,64,32,27999
xiaomi,FALSE,helio,2,5000,6,128,6.5,1,android,13,5,10850
redmi,TRUE,snapdragon,2.4,5000,6,128,6.7,3,android,108,16,19999
apple,TRUE,bionic,3.2,3200,6,256,6.1,3,ios,48,12,129990
motorola,TRUE,snapdragon,2.2,5000,6,128,6.5,3,android,108,16,19990
motorola,TRUE,snapdragon,3.2,4450,8,128,6.7,3,android,200,60,41990
xiaomi,TRUE,snapdragon,3.2,4860,8,256,6.7,3,android,50,32,69990
honor,TRUE,snapdragon,2.5,4800,12,512,6.7,3,android,54,32,39990
oneplus,TRUE,snapdragon,3,5000,12,512,6.7,3,android,50,32,74999
vivo,TRUE,dimensity,3,4300,12,256,6.6,3,android,108,50,36994
oppo,FALSE,helio,2.3,5000,6,128,6.5,3,android,50,16,14700
xiaomi,TRUE,snapdragon,2.8,5000,8,128,6.7,3,android,108,16,34990
nokia,TRUE,snapdragon,3.2,6000,6,64,6.8,4,android,108,32,34999
xiaomi,FALSE,snapdragon,2.2,5000,4,64,6.4,4,android,48,13,13990
samsung,FALSE,helio,2,6000,6,128,6.4,4,android,64,20,14859
tecno,FALSE,helio,2,5000,8,128,6.8,3,android,64,32,17999
poco,TRUE,snapdragon,3.2,4700,8,128,6.7,3,android,64,32,34990
blu,TRUE,dimensity,2.4,5000,8,128,6.8,4,android,48,16,14990
oppo,FALSE,helio,2,4230,3,32,6.5,1,android,13,5,8999
motorola,FALSE,helio,2.3,5000,4,64,6.5,2,android,50,8,8999
xiaomi,FALSE,helio,2,5000,8,128,6.4,4,android,108,16,15824
apple,TRUE,bionic,3.2,3240,4,64,4.7,1,ios,12,7,43900
samsung,FALSE,snapdragon,2.3,4500,8,128,6.5,4,android,64,32,22494
poco,FALSE,snapdragon,3,5160,6,128,6.7,4,android,48,20,19650
xiaomi,FALSE,helio,2,5000,2,32,6.5,1,android,13,5,6999
samsung,FALSE,helio,2,5000,6,128,6.4,4,android,64,20,16499
motorola,FALSE,helio,2,5000,4,128,6.5,3,android,50,8,15999
asus,TRUE,dimensity,3.2,6000,16,256,6.8,3,android,50,12,72999
xiaomi,TRUE,dimensity,2.6,4980,6,128,6.7,3,android,200,16,26999
infinix,FALSE,helio,2,5000,2,32,6.6,2,android,8,5,6999
apple,TRUE,bionic,3.2,4352,8,128,6.1,3,ios,50,12,130990
realme,FALSE,tiger,1.8,5000,4,128,6.6,3,android,50,8,12787
infinix,FALSE,helio,2.3,6000,4,64,6.8,3,android,50,8,9999
vivo,TRUE,dimensity,3,4500,8,128,6.8,3,android,50,32,54999
vivo,FALSE,helio,2,5000,8,128,6.6,3,android,64,16,15490
tecno,FALSE,helio,2,4700,8,256,6.7,3,android,50,48,25999
samsung,FALSE,helio,2.3,5000,4,128,6.5,2,android,13,5,9499
redmi,FALSE,helio,2,5000,4,64,6.7,2,android,50,5,7999
asus,TRUE,snapdragon,3.2,4300,8,128,5.9,2,android,50,12,63990
sony,FALSE,helio,2.3,4000,4,64,6.2,3,android,13,8,15990
iqoo,TRUE,snapdragon,2.8,4500,12,256,6.6,3,android,48,16,34949
tecno,FALSE,helio,2,5000,4,64,6.8,3,android,48,8,8799
xiaomi,FALSE,helio,2,6000,4,64,6.5,4,android,50,8,12390
samsung,FALSE,helio,2,6000,4,64,6.4,4,android,48,13,11499
xiaomi,TRUE,snapdragon,3,4050,12,512,7.9,3,android,108,16,199990
oppo,TRUE,dimensity,3,5000,16,256,6.7,2,android,50,32,42990
nubia,TRUE,snapdragon,3.2,5000,8,128,6.7,3,android,64,16,34999
samsung,FALSE,exynos,2,6000,4,128,6.6,3,android,50,8,11999
nokia,FALSE,unisoc,1.6,5000,4,64,6.5,2,android,50,8,10499
infinix,FALSE,tiger,1.8,6000,4,64,6.8,2,android,13,8,8910
vivo,TRUE,snapdragon,3.2,4700,8,128,6.6,3,android,64,16,24990
oppo,TRUE,snapdragon,2.2,4500,8,128,6.4,3,android,64,16,17999
xiaomi,TRUE,snapdragon,2.4,4250,8,128,6.6,3,android,64,20,22999
realme,FALSE,unisoc,1.6,5000,2,32,6.5,1,android,8,5,6490
infinix,TRUE,helio,2,4500,8,128,6.7,3,android,108,16,21990
samsung,FALSE,helio,2,6000,4,64,6.4,4,android,64,20,12364
samsung,TRUE,snapdragon,3,4500,6,128,6.7,3,android,64,10,39990
xiaomi,FALSE,snapdragon,2.8,4000,6,64,6.2,2,android,12,20,11999
vivo,FALSE,helio,1.3,1900,1,16,4.5,1,android,5,2,7499
lyf,FALSE,snapdragon,1.5,3500,3,32,5.5,2,android,13,5,3990
motorola,FALSE,tiger,2,5000,2,64,6.5,1,android,13,5,10499
tecno,FALSE,helio,2,5000,2,32,6.6,2,android,8,5,6299
itel,FALSE,unisoc,1.4,3020,2,32,5,1,android,2,0.3,5990
vivo,TRUE,snapdragon,3.2,4730,12,256,8,4,android,50,16,113990
samsung,TRUE,dimensity,2,7000,6,128,6.7,4,android,64,32,21999
iqoo,FALSE,snapdragon,2.4,5000,6,128,6.4,3,android,50,16,15999
sony,TRUE,snapdragon,2.8,4000,8,128,6.1,3,android,12,8,69990
vivo,FALSE,helio,2.3,5000,4,128,6.4,3,android,13,16,12990
sony,TRUE,snapdragon,3,5000,12,512,6.5,4,android,12,12,92980
tecno,FALSE,helio,2.2,6000,8,256,6.7,2,android,50,8,15999
huawei,FALSE,snapdragon,2.4,4500,8,256,6.7,3,android,108,16,23999
vivo,FALSE,snapdragon,2.4,5000,4,128,6.6,2,android,50,8,12999
nubia,TRUE,snapdragon,3.2,5000,12,256,6.8,3,android,64,8,60990
motorola,FALSE,helio,1.8,5000,4,64,6.5,3,android,16,8,8859
iqoo,TRUE,snapdragon,3.2,4700,12,256,6.6,3,android,64,16,33749
samsung,FALSE,exynos,2.7,5000,6,64,6.5,3,android,48,8,15990
poco,TRUE,dimensity,2.8,5080,8,128,6.6,3,android,64,16,24990
realme,TRUE,dimensity,2.4,5000,4,128,6.6,3,android,48,16,14999
vivo,TRUE,dimensity,2.2,4500,6,128,6.6,2,android,50,8,17990
honor,TRUE,dimensity,2,4300,8,128,6.7,3,android,64,16,24990
xiaomi,FALSE,helio,2.2,5000,4,64,6.6,3,android,50,8,11600
realme,FALSE,tiger,1.8,5000,3,32,6.5,3,android,13,5,8299
motorola,FALSE,helio,2,5000,6,128,6.5,3,android,50,13,11999
samsung,TRUE,snapdragon,3.2,3700,8,128,6.7,2,android,12,10,89999
oneplus,FALSE,snapdragon,2.8,3300,8,128,6.3,2,android,20,16,27999
google,FALSE,snapdragon,2.4,3520,4,128,6,1,android,12.2,8,15990
xiaomi,FALSE,helio,2,5000,2,32,6.5,2,android,8,5,7289
honor,TRUE,snapdragon,2.5,4800,8,256,6.7,3,android,54,32,30990
realme,FALSE,helio,2,5000,6,128,6.6,3,android,50,16,15499
vivo,FALSE,helio,2.3,5000,3,32,6.5,2,android,13,8,8499
samsung,FALSE,helio,2,6000,6,128,6.4,4,android,64,20,14490
samsung,TRUE,dimensity,2.2,5000,6,128,6.6,3,android,64,8,15490
realme,TRUE,snapdragon,2.2,5000,6,128,6.6,3,android,50,16,14990
poco,TRUE,dimensity,2.2,5000,4,64,6.5,3,android,48,8,15999
google,TRUE,snapdragon,2.4,4080,8,128,6,2,android,16,8,36000
oneplus,TRUE,snapdragon,3.2,4800,12,256,6.7,3,android,108,32,69999
xiaomi,TRUE,dimensity,2.6,4300,8,256,6.7,3,android,200,16,26990
samsung,FALSE,exynos,2,6000,4,64,6.6,3,android,50,8,10630
oppo,TRUE,dimensity,2.8,4500,8,256,6.7,3,android,50,32,42990
vivo,TRUE,dimensity,3,4500,8,128,6.6,3,android,50,16,24990
iqoo,FALSE,snapdragon,2.4,5000,4,128,6.4,3,android,50,16,14489
oppo,FALSE,snapdragon,2.4,5000,6,128,6.6,2,android,13,8,16490
realme,TRUE,dimensity,2.5,4500,8,256,6.4,3,android,50,16,24494
vivo,FALSE,helio,2.3,5000,2,32,6.5,1,android,8,5,7999
motorola,TRUE,snapdragon,2.9,5000,6,128,6.8,3,android,108,16,23990
realme,TRUE,snapdragon,3,5000,8,128,6.7,3,android,50,32,49959
apple,TRUE,bionic,3.2,3095,6,256,6.1,3,ios,12,12,129900
vivo,FALSE,helio,2,4000,8,128,6.4,3,android,64,16,19990
samsung,FALSE,exynos,2.7,5000,4,64,6.6,3,android,50,16,14990
vivo,FALSE,snapdragon,2.3,4000,8,128,6.4,3,android,64,44,23269
xiaomi,FALSE,snapdragon,2.3,5020,4,64,6.7,4,android,48,16,13999
oneplus,TRUE,dimensity,2.8,5000,8,128,6.7,3,android,50,16,35389
google,TRUE,google,2.8,5003,12,256,6.7,3,android,50,11.1,79700
nokia,FALSE,unisoc,1.6,5050,3,32,6.7,3,android,13,5,9499
infinix,FALSE,tiger,2,5000,8,128,6.6,2,android,50,8,12340
poco,FALSE,helio,2.2,5000,4,64,6.6,3,android,50,8,10799
xiaomi,FALSE,snapdragon,2.4,6000,4,128,6.7,2,android,50,5,14990
zte,TRUE,snapdragon,3,5000,8,128,6.8,3,android,64,16,61990
xiaomi,TRUE,snapdragon,3,4600,12,256,6.7,3,android,50,32,51880
oppo,FALSE,snapdragon,2.4,5000,8,128,6.6,3,android,50,16,16990
huawei,FALSE,snapdragon,2.4,4000,8,128,6.8,4,android,108,16,19990
samsung,TRUE,snapdragon,3,3700,8,256,6.1,3,android,50,10,57999
lenovo,TRUE,snapdragon,3,5600,12,256,6.9,2,android,64,16,46990
vivo,TRUE,dimensity,2.2,5000,4,128,6.6,3,android,50,8,20990
nokia,TRUE,snapdragon,2,4470,6,128,6.7,4,android,48,16,17990
realme,TRUE,dimensity,2.4,5000,8,128,6.5,3,android,64,16,17499
realme,TRUE,dimensity,2.4,5000,6,128,6.5,3,android,64,16,17999
nokia,TRUE,snapdragon,3.2,6000,8,128,6.5,4,android,200,32,49990
poco,TRUE,snapdragon,2.2,5000,4,128,6.7,3,android,48,8,14999
xiaomi,FALSE,snapdragon,2.3,5020,6,128,6.7,4,android,108,16,19980
iqoo,TRUE,snapdragon,3.2,4400,12,256,6.6,3,android,48,16,35990
realme,FALSE,helio,2,5000,4,128,6.4,4,android,64,16,15999
samsung,FALSE,exynos,2.7,4000,8,128,6.2,3,android,64,10,41999
xiaomi,TRUE,dimensity,3.1,5500,8,128,6.7,3,android,48,20,25999
motorola,FALSE,helio,1.8,5000,3,32,6.5,3,android,16,8,7990
oneplus,TRUE,dimensity,3,4500,8,128,6.4,3,android,50,32,29990
oppo,TRUE,snapdragon,2.4,4500,8,128,6.4,4,android,50,16,27990
poco,TRUE,snapdragon,3.2,5500,8,128,6.7,3,android,64,16,29999
oppo,FALSE,helio,2,4230,4,64,6.5,1,android,13,5,8999
poco,FALSE,helio,2,5000,8,128,6.4,3,android,64,16,13999
realme,FALSE,helio,2,6000,4,64,6.5,3,android,50,8,11499
asus,TRUE,snapdragon,2.9,6000,8,128,6.8,3,android,64,24,39999
realme,TRUE,snapdragon,2.4,4300,8,128,6.4,3,android,64,32,27999
samsung,TRUE,dimensity,2,5000,6,128,6.5,4,android,48,13,24499
nubia,TRUE,snapdragon,3.2,5000,12,256,6.8,3,android,50,16,60999
samsung,TRUE,snapdragon,2.8,4400,12,256,7.6,3,android,12,10,110999
lg,TRUE,snapdragon,2.4,4000,8,128,6.8,3,android,64,32,54999
xiaomi,FALSE,snapdragon,2.3,5020,6,64,6.7,4,android,64,32,16490
samsung,FALSE,snapdragon,2.3,4500,6,128,6.5,4,android,64,32,24990
vivo,FALSE,snapdragon,1.4,3360,3,16,6,1,android,13,5,25000
samsung,FALSE,helio,2.3,5000,3,64,6.5,2,android,13,5,9950
oppo,TRUE,dimensity,2.4,5000,8,128,6.6,2,android,13,8,12999
oppo,FALSE,helio,2.2,5000,8,256,6.7,3,android,50,16,19999
oppo,TRUE,snapdragon,2.5,5000,8,256,6.7,3,android,50,32,32999
nokia,TRUE,snapdragon,2.2,4500,6,128,6.6,3,android,50,8,28498
oppo,FALSE,helio,2.3,5000,4,128,6.6,2,android,50,8,15998
motorola,TRUE,snapdragon,3.2,4800,8,128,6.7,3,android,50,60,59990
oppo,TRUE,snapdragon,2.2,5000,6,128,6.6,3,android,64,16,16990
iqoo,TRUE,snapdragon,2.4,4700,12,256,6.4,3,android,64,16,27999
nokia,FALSE,unisoc,1.6,5050,6,128,6.5,3,android,50,8,13499
samsung,FALSE,exynos,2,5000,6,128,6.6,4,android,50,8,16499
oppo,FALSE,helio,2.3,4230,4,64,6.5,1,android,13,5,10999
xiaomi,FALSE,snapdragon,2.4,6000,4,64,6.7,2,android,50,5,13990
tecno,FALSE,helio,2,5000,4,64,6.6,3,android,48,32,9999
realme,TRUE,dimensity,2.8,5000,8,128,6.7,3,android,50,16,31994
xiaomi,TRUE,dimensity,2.5,4500,6,128,6.7,3,android,108,16,24820
iqoo,TRUE,snapdragon,3.2,4700,8,128,6.6,3,android,64,16,22990
iqoo,TRUE,snapdragon,3,4700,8,256,6.8,3,android,50,16,59990
realme,FALSE,unisoc,1.6,5000,4,64,6.5,1,android,8,5,8999
xiaomi,FALSE,helio,2.3,5000,6,128,6.5,2,android,13,5,10499
jio,FALSE,snapdragon,1.3,3000,3,32,5.5,1,android,13,8,7499
xiaomi,FALSE,helio,2,4000,4,64,6.3,4,android,48,13,9990
xiaomi,TRUE,dimensity,2.2,5000,4,128,6.5,3,android,48,8,12490
vivo,FALSE,helio,2,5000,4,64,6.5,3,android,13,8,13990
samsung,TRUE,dimensity,2.2,5000,6,128,6.6,3,android,48,8,17990
vivo,FALSE,dimensity,2.4,4000,8,128,6.4,3,android,64,44,24999
realme,FALSE,snapdragon,2.3,4500,8,128,6.4,4,android,64,32,21999
oneplus,FALSE,snapdragon,2,4300,8,128,6.6,3,android,48,16,19999
samsung,TRUE,exynos,2.7,5000,12,128,6.9,4,android,108,40,99999
apple,FALSE,bionic,2.6,3500,4,64,6.5,3,ios,12,12,109900
apple,FALSE,fusion,2.4,2230,3,32,4.7,1,ios,13,7,52990
sony,FALSE,snapdragon,2,5000,8,128,6.5,2,android,50,16,19990
samsung,FALSE,helio,2.3,5000,4,128,6.5,2,android,13,5,11499
xiaomi,FALSE,helio,2.2,5000,4,64,6.7,3,android,48,13,13999
vivo,TRUE,snapdragon,2.2,5000,8,256,6.7,3,android,108,32,28990
poco,TRUE,snapdragon,3.2,4500,8,128,6.7,3,android,64,20,27999
xiaomi,TRUE,dimensity,2.8,5080,6,128,6.6,3,android,64,16,19990
realme,TRUE,dimensity,2.5,5000,8,128,6.4,3,android,48,16,22999
vivo,FALSE,snapdragon,2.4,5000,8,128,6.4,3,android,50,16,17999
xiaomi,FALSE,helio,2,5000,6,128,6.4,4,android,108,16,15499
lava,TRUE,dimensity,2.4,5000,8,128,6.8,4,android,64,16,17990
realme,FALSE,helio,2,5000,6,128,6.6,3,android,50,16,13999
oppo,FALSE,helio,2.3,5000,4,64,6.5,3,android,50,16,13499
poco,TRUE,dimensity,2.2,5000,6,128,6.5,3,android,48,8,14799
realme,FALSE,unisoc,1.8,5000,3,32,6.5,3,android,13,5,6999
oppo,FALSE,helio,2.3,5000,4,64,6.5,3,android,13,8,11999
vivo,TRUE,dimensity,2.4,4000,8,128,6.4,3,android,64,44,23994
apple,TRUE,bionic,3.1,4323,6,512,6.1,3,ios,12,12,139900
sony,TRUE,snapdragon,2.8,4000,8,256,6.5,4,android,12,8,69999
motorola,TRUE,snapdragon,2.8,5000,12,256,6.7,3,android,108,25,57999
samsung,FALSE,exynos,2.7,4300,8,256,6.7,3,android,64,10,86000
samsung,FALSE,helio,2.3,5000,4,64,6.5,4,android,48,8,11999
xiaomi,FALSE,snapdragon,2.3,5000,6,128,6.7,3,android,50,16,14999
realme,TRUE,snapdragon,3.2,5000,8,128,6.6,3,android,64,16,26499
realme,FALSE,unisoc,1.6,5000,4,64,6.5,1,android,8,5,8990
apple,TRUE,bionic,3.2,3279,6,512,6.1,2,ios,12,12,95999
iqoo,TRUE,snapdragon,3.2,4700,8,128,6.8,3,android,50,16,47990
tecno,FALSE,helio,2,5000,8,128,6.8,3,android,64,32,17990
oneplus,TRUE,snapdragon,2.2,5000,8,128,6.6,3,android,64,16,22999
samsung,TRUE,snapdragon,3,5000,8,128,6.8,4,android,108,40,99990
poco,TRUE,snapdragon,3,4700,8,128,6.7,3,android,64,20,39999
xiaomi,TRUE,snapdragon,2.8,5000,12,256,6.7,3,android,108,16,38999
vivo,FALSE,helio,2.3,5000,4,128,6.5,2,android,13,8,12490
samsung,TRUE,snapdragon,3.2,4500,6,128,6.7,3,android,64,10,39990
vivo,FALSE,helio,2,5000,8,128,6.6,3,android,50,16,16685
huawei,FALSE,kirin,3.1,4400,8,128,6.8,3,android,50,13,69990
micromax,FALSE,unisoc,1.8,5000,4,64,6.5,2,android,13,5,6999
asus,TRUE,snapdragon,3.2,6000,12,256,6.8,3,android,50,12,71999
realme,TRUE,dimensity,3,4500,8,128,6.4,3,android,64,16,26999
realme,TRUE,dimensity,2.2,5000,4,128,6.5,3,android,48,16,16499
oppo,TRUE,dimensity,2.2,5000,6,128,6.5,3,android,13,8,17990
xiaomi,FALSE,helio,2.3,5000,4,64,6.5,2,android,13,5,8999
apple,FALSE,bionic,2.6,1821,3,64,4.7,1,ios,12,7,39900
letv,FALSE,tiger,1.8,4000,6,64,6.5,2,android,8,5,5999
oneplus,TRUE,dimensity,2.2,5000,8,128,6.6,3,android,64,32,34999
vivo,TRUE,dimensity,2,6000,8,128,6.6,2,android,50,8,16990
oppo,TRUE,snapdragon,2.2,4800,8,128,6.6,3,android,50,32,22990
vivo,FALSE,helio,2.2,4500,8,256,6.4,3,android,64,32,19990
infinix,FALSE,tiger,2,5000,6,64,6.6,2,android,50,8,10850
realme,TRUE,dimensity,2.4,5000,4,64,6.6,3,android,48,16,13499
itel,FALSE,unisoc,1.6,5000,3,64,6.6,2,android,8,5,6699
oppo,FALSE,snapdragon,2.4,5000,8,128,6.6,2,android,50,16,17999
xiaomi,TRUE,dimensity,2.2,5000,4,128,6.6,2,android,50,5,13990
honor,TRUE,snapdragon,3,4600,12,512,6.8,4,android,50,13,94990
tecno,FALSE,helio,2.3,5000,4,64,6.6,3,android,50,8,8968
infinix,FALSE,helio,2,5000,2,64,6.6,2,android,8,5,7320
realme,FALSE,tiger,1.8,5000,4,64,6.5,3,android,50,8,8999
samsung,FALSE,helio,2.3,5000,6,128,6.5,4,android,48,8,13999
tecno,FALSE,helio,2,5000,6,128,6.8,3,android,64,16,14746
xiaomi,TRUE,dimensity,2.6,5000,6,128,6.6,3,android,64,16,16999
xiaomi,TRUE,snapdragon,3.2,4520,8,128,6.7,3,android,48,20,25990
xiaomi,FALSE,snapdragon,2.2,5000,6,128,6.4,4,android,48,13,16499
xiaomi,FALSE,snapdragon,2.3,5020,6,64,6.7,4,android,108,16,19999
xiaomi,TRUE,snapdragon,2.8,5000,6,128,6.7,3,android,64,20,23500
lg,TRUE,snapdragon,2.4,4300,6,128,6.8,3,android,48,16,54999
motorola,FALSE,snapdragon,2.2,5000,6,128,6.5,4,android,64,16,19499
lg,TRUE,snapdragon,2.8,5000,8,128,6.8,3,android,64,10,79990
samsung,FALSE,exynos,2.7,4500,6,128,6.7,3,android,12,32,39999
samsung,TRUE,exynos,2.7,4300,12,256,6.8,4,android,12,10,92999
iqoo,TRUE,snapdragon,3.2,5000,8,256,6.8,3,android,50,16,32990
samsung,FALSE,exynos,2,5000,4,128,6.5,3,android,50,5,14499
vivo,TRUE,dimensity,2.2,5000,4,128,6.5,2,android,13,5,13999
vivo,FALSE,helio,2,5000,2,32,6.5,1,android,8,5,7999
itel,FALSE,unisoc,1.6,5000,2,32,6.6,2,android,8,5,5785
xiaomi,TRUE,dimensity,2.2,5000,4,128,6.6,2,android,13,5,12990
poco,TRUE,dimensity,2.5,5100,8,128,6.7,3,android,108,32,19990
oppo,TRUE,dimensity,2.4,5000,12,256,6.6,2,android,48,8,23990
samsung,FALSE,exynos,1.8,4000,6,64,6.4,3,android,48,16,17999
infinix,FALSE,helio,2.2,5000,6,128,6.9,4,android,108,16,16999
honor,TRUE,snapdragon,2.2,5000,4,128,6.5,1,android,13,5,9999
infinix,FALSE,helio,2,5000,3,64,6.8,2,android,8,5,8299
sony,TRUE,snapdragon,3,5000,8,256,6.1,3,android,12,12,82199
nubia,TRUE,snapdragon,3,5000,8,128,6.7,3,android,64,16,49990
nokia,FALSE,unisoc,1.6,5050,4,64,6.5,3,android,50,8,11999
xiaomi,TRUE,snapdragon,2.4,4300,6,128,6.6,3,android,108,32,29990
oppo,TRUE,snapdragon,2.8,4500,8,256,7.1,3,android,50,32,92249
apple,TRUE,bionic,3.2,4352,6,256,6.7,3,ios,12,12,139900
vivo,FALSE,helio,2,5000,4,128,6.5,3,android,50,8,14990
oppo,FALSE,snapdragon,2,5000,6,128,6.4,3,android,48,16,15988
samsung,FALSE,exynos,2.3,6000,4,64,6.4,3,android,48,20,11725
oppo,FALSE,helio,2.2,4310,8,128,6.4,4,android,48,16,17994
oppo,FALSE,snapdragon,2.8,4000,8,256,7.4,3,android,64,16,134999
oneplus,TRUE,snapdragon,2,4300,6,128,6.5,4,android,64,16,25595
gionee,FALSE,helio,2,4000,6,128,6.2,1,android,16,13,7499
poco,FALSE,helio,2,5000,6,64,6.5,4,android,13,8,10890
oppo,FALSE,helio,2.2,4015,8,128,6.4,4,android,48,16,18990
motorola,TRUE,snapdragon,2.2,5000,6,128,6.7,3,android,48,16,19990
samsung,FALSE,exynos,2.3,4000,4,128,6.4,3,android,48,32,15990
samsung,FALSE,exynos,2.7,4300,12,256,6.8,4,android,12,10,58999
vivo,FALSE,helio,2,5000,4,64,6.4,3,android,13,16,12500
vivo,FALSE,snapdragon,2,4500,8,128,6.4,4,android,48,32,29999
vivo,TRUE,snapdragon,2.7,4700,8,256,6.7,3,android,64,32,31990
vivo,TRUE,dimensity,2.4,4000,8,128,6.4,3,android,64,44,29999
asus,TRUE,dimensity,3.2,6000,16,512,6.8,3,android,50,12,107990
motorola,TRUE,snapdragon,2.2,4020,8,128,6.3,2,android,64,32,31990
xiaomi,TRUE,dimensity,2.8,5000,8,128,6.7,3,android,108,20,48990
huawei,TRUE,kirin,3.1,4500,8,256,6.8,3,android,64,13,99990
realme,FALSE,tiger,1.8,5000,4,64,6.5,3,android,13,5,9499
huawei,FALSE,snapdragon,2.8,4600,8,512,7.8,3,android,50,10.7,162990
iqoo,TRUE,snapdragon,2.4,5000,6,128,6.6,3,android,50,16,24999
apple,FALSE,bionic,3.2,3285,6,128,6.1,2,ios,50,13,82990
infinix,FALSE,helio,2,5000,8,128,7,3,android,50,16,15999
tecno,FALSE,helio,1.8,5000,4,64,6.5,2,android,16,8,8999
oppo,TRUE,dimensity,2.2,5000,6,128,6.5,2,android,13,8,17990
vivo,TRUE,snapdragon,3.2,4500,12,256,6.8,4,android,50,32,82990
xiaomi,FALSE,helio,2,6000,6,128,6.5,4,android,50,8,12999
huawei,FALSE,snapdragon,2.4,4300,8,128,6.6,4,android,50,32,29990
tecno,FALSE,spreadtrum,1.3,4000,1,16,6.1,2,android,5,5,6999
huawei,FALSE,snapdragon,2.8,4360,8,256,6.6,4,android,50,13,60999
xiaomi,TRUE,dimensity,2.8,5500,8,128,6.7,3,android,48,20,27990
nokia,FALSE,unisoc,1.6,3000,2,16,5.4,1,android,5,5,5249
realme,TRUE,snapdragon,2.2,5000,6,128,6.5,3,android,48,16,14999
oppo,TRUE,snapdragon,3.2,4500,8,128,6.6,4,android,50,32,44990
motorola,TRUE,snapdragon,3.2,5000,6,128,6.7,4,android,64,16,22490
oppo,TRUE,snapdragon,2.8,4500,12,256,6.7,4,android,50,32,50990
poco,FALSE,snapdragon,2,6000,6,64,6.5,3,android,48,8,11499
itel,FALSE,unisoc,1.3,4000,1,16,6.5,3,android,8,8,5990
vivo,TRUE,snapdragon,2.4,4000,8,128,6.4,3,android,64,44,27000
xiaomi,TRUE,snapdragon,2.8,5000,8,128,6.7,3,android,108,20,29999
vivo,FALSE,snapdragon,2.3,4500,8,256,6.4,4,android,48,32,27990
samsung,TRUE,exynos,2.7,4000,8,128,6.2,3,android,64,10,74999
vivo,FALSE,snapdragon,2,5000,4,64,6.5,3,android,16,16,9990
oppo,FALSE,snapdragon,2.2,4000,8,128,6.4,4,android,64,32,19990
realme,FALSE,snapdragon,2.3,4000,4,64,6.4,4,android,64,16,13279
vivo,FALSE,helio,2,5000,3,64,6.4,3,android,13,8,11000
xiaomi,FALSE,snapdragon,2.8,4000,6,128,6.2,2,android,12,20,12999
poco,FALSE,helio,2,5000,3,32,6.5,2,android,8,5,7299
ikall,FALSE,helio,1.6,5000,4,32,6.5,1,android,20,13,7999
xiaomi,TRUE,snapdragon,3.2,5000,8,128,6.7,3,android,50,20,54990
vivo,TRUE,dimensity,2.2,5000,12,256,6.7,3,android,50,32,49990
honor,TRUE,snapdragon,3,4500,12,256,6.8,3,android,200,50,54990
apple,TRUE,bionic,3.2,3240,4,64,6.1,1,ios,12,10.8,49990
tecno,FALSE,dimensity,2.4,6000,4,128,6.8,2,android,50,8,15499
apple,TRUE,bionic,3.2,4323,6,512,6.7,3,ios,48,12,169900
google,TRUE,google,2.8,4830,8,128,6.6,2,android,50,10.1,53990
vivo,TRUE,dimensity,3,6000,8,128,6.6,2,android,50,16,18990
motorola,TRUE,snapdragon,2.2,5000,4,64,6.6,3,android,50,16,16999
motorola,TRUE,snapdragon,2.4,4200,8,128,6.5,3,android,50,32,34999
vivo,TRUE,snapdragon,3,5000,12,512,7,4,android,50,16,82990
realme,TRUE,snapdragon,3,5000,12,256,6.7,3,android,50,32,46999
vivo,FALSE,helio,2.3,5000,3,32,6.5,2,android,13,8,8499
honor,FALSE,snapdragon,2.4,4000,6,128,6.7,4,android,64,16,16999
samsung,FALSE,unisoc,1.6,5000,4,64,6.5,2,android,48,5,11499
samsung,TRUE,snapdragon,3,4500,8,256,6.6,3,android,50,10,88999
vivo,FALSE,snapdragon,2.4,5000,8,128,6.6,3,android,50,16,15990
xiaomi,TRUE,dimensity,2.5,5160,8,128,6.7,3,android,108,16,24990
oppo,TRUE,snapdragon,3,5000,8,256,6.7,3,android,50,32,79990
tecno,FALSE,helio,2.2,5000,2,32,6.5,2,android,13,8,6249
vivo,FALSE,snapdragon,2.4,5000,3,64,6.5,2,android,13,8,12499
xiaomi,FALSE,helio,2,5000,2,32,6.5,1,android,13,5,6499
apple,TRUE,bionic,3.2,4352,6,1024,6.7,3,ios,12,12,179900
vivo,FALSE,snapdragon,2,5000,3,64,6.5,3,android,13,8,11990
vivo,FALSE,helio,2,4050,8,128,6.4,3,android,64,50,26990
samsung,FALSE,helio,2,6000,6,128,6.4,4,android,48,13,13499
xiaomi,TRUE,snapdragon,3.2,4800,12,256,6.7,3,android,50,20,75999
micromax,FALSE,tiger,1.8,5000,3,32,6.5,1,android,8,5,5999
samsung,FALSE,helio,2.3,5000,3,32,6.5,3,android,13,5,8499
oppo,FALSE,helio,2.3,5000,4,128,6.5,3,android,13,16,11990
xiaomi,TRUE,dimensity,2.2,5000,4,128,6.4,4,android,48,13,10990
xiaomi,TRUE,snapdragon,2.8,5020,12,256,8,3,android,108,20,109990
realme,TRUE,dimensity,2.2,5000,6,128,6.5,3,android,48,16,16999
oppo,FALSE,helio,2.3,5000,4,64,6.5,3,android,13,16,12199
oppo,FALSE,helio,2.3,4230,4,128,6.5,3,android,13,8,11490
itel,FALSE,spreadtrum,1.3,4000,1,16,6,2,android,8,5,5490
xiaomi,FALSE,snapdragon,2,6000,4,64,6.5,4,android,48,8,11499
samsung,TRUE,exynos,2.9,4800,8,128,6.7,3,android,64,10,59450
poco,FALSE,snapdragon,2.3,5000,4,64,6.7,4,android,48,16,12799
samsung,FALSE,exynos,2.7,4500,8,128,6.7,4,android,64,10,83000
realme,FALSE,snapdragon,2.3,4300,6,64,6.6,4,android,64,16,14490
huawei,TRUE,kirin,2.9,4200,8,256,6.6,4,android,50,32,82990
vivo,FALSE,snapdragon,2,5000,3,32,6.4,2,android,13,8,9490
vivo,FALSE,snapdragon,2,3700,8,128,6.4,3,android,48,32,25000
vivo,FALSE,snapdragon,2,4030,4,64,6.2,2,android,13,20,15000
vivo,FALSE,helio,2,3315,4,128,6.3,2,android,16,25,20990
samsung,FALSE,exynos,2.8,3500,6,128,6.2,2,android,12,8,34999
realme,TRUE,snapdragon,3,5000,8,128,6.7,3,android,50,16,29999
vivo,TRUE,dimensity,2,6000,4,128,6.5,2,android,13,5,11999
samsung,FALSE,helio,2.3,5000,4,128,6.5,2,android,50,5,12999
leitz,TRUE,snapdragon,3,5000,12,256,6.6,2,android,47.2,12.6,124990
xiaomi,TRUE,dimensity,3.1,5080,8,128,6.7,3,android,50,32,28999
infinix,FALSE,helio,2,5000,8,128,6.8,2,android,50,8,12999
realme,TRUE,snapdragon,3.2,5000,8,256,6.6,3,android,64,16,28499
apple,TRUE,bionic,3.2,4325,6,512,6.7,2,ios,12,12,104999
apple,TRUE,bionic,3.2,3200,6,1024,6.1,3,ios,48,12,172999
xiaomi,TRUE,snapdragon,2,5100,6,128,6.7,2,android,64,16,17990
xiaomi,FALSE,helio,2.2,5000,6,128,6.6,3,android,50,8,13774
nokia,FALSE,unisoc,1.6,5050,4,64,6.5,2,android,13,5,8999
oneplus,TRUE,dimensity,2.4,5000,4,64,6.6,2,android,48,16,18990
tecno,FALSE,helio,2,5000,6,128,6.8,3,android,48,32,14999
realme,FALSE,tiger,1.8,5000,3,32,6.5,1,android,8,5,7999
xiaomi,TRUE,snapdragon,3.2,5000,8,128,6.7,3,android,108,20,39999
oppo,FALSE,helio,2.3,5000,3,64,6.6,2,android,13,8,11990
infinix,FALSE,helio,2,5000,6,128,6.7,3,android,50,16,12999
samsung,TRUE,snapdragon,3.2,4500,8,128,6.5,4,android,64,32,54999
samsung,TRUE,exynos,2.7,6000,6,128,6.7,3,android,64,32,24990
vivo,TRUE,dimensity,3,4500,12,256,6.8,3,android,50,32,59999
poco,TRUE,snapdragon,3.2,5000,6,128,6.7,4,android,64,32,19999
infinix,FALSE,helio,2,5000,8,128,6.7,3,android,50,16,16999
samsung,FALSE,exynos,2.7,6000,4,64,6.5,3,android,48,8,14999
vivo,TRUE,snapdragon,3.2,4500,8,128,6.4,3,android,50,16,29990
xiaomi,TRUE,dimensity,2.2,5000,4,128,6.6,2,android,50,5,13990
xiaomi,FALSE,helio,2,5000,6,128,6.7,4,android,108,16,17999
realme,FALSE,tiger,1.8,5000,4,64,6.6,3,android,50,8,11399
vivo,TRUE,dimensity,2.2,6000,8,128,6.6,2,android,50,8,19990
vivo,FALSE,snapdragon,2.4,5000,4,128,6.5,3,android,50,8,15499
gionee,FALSE,tiger,2,4800,3,32,6.8,1,android,13,5,6999
xiaomi,FALSE,snapdragon,2.3,5020,4,128,6.7,4,android,48,16,12499
apple,TRUE,bionic,3.2,3240,4,512,6.1,2,ios,12,12,91999
infinix,FALSE,helio,2,5000,4,64,6.8,3,android,50,8,9690
realme,TRUE,snapdragon,3.2,4500,8,128,6.6,3,android,50,32,32990
xiaomi,TRUE,snapdragon,3,4500,8,128,6.3,3,android,50,32,42990
xiaomi,FALSE,snapdragon,2.3,4250,8,128,6.6,3,android,64,16,18699
realme,TRUE,dimensity,2.2,5000,4,128,6.5,3,android,48,16,10990
xiaomi,TRUE,snapdragon,2.8,4520,8,128,6.7,3,android,108,20,30990
lenovo,TRUE,snapdragon,2.8,5000,16,512,6.5,2,android,64,20,59999
samsung,FALSE,exynos,2.7,7000,6,128,6.7,4,android,64,32,23999
realme,TRUE,dimensity,2,5000,4,128,6.5,3,android,13,8,9999
apple,TRUE,bionic,3.1,4323,6,256,6.1,3,ios,12,12,119900
xiaomi,FALSE,helio,2,5000,4,128,6.5,1,android,13,5,9299
realme,FALSE,helio,2,4300,6,64,6.5,4,android,64,16,12989
samsung,FALSE,mediatek,1.5,3000,1,16,5.3,1,android,8,5,4999
oppo,TRUE,snapdragon,2.4,4300,8,128,6.4,4,android,64,32,29990
oppo,FALSE,helio,2.3,4230,6,128,6.5,3,android,12,8,12490
sony,FALSE,snapdragon,2,3600,4,128,6,3,android,12,8,27999
vivo,FALSE,helio,2,4030,2,32,6.2,1,android,13,5,8199
huawei,FALSE,kirin,2.2,4200,8,128,6.4,4,android,48,16,21990
vivo,FALSE,helio,2,5000,4,128,6.5,3,android,16,16,20000
vivo,FALSE,snapdragon,2,5000,6,64,6.5,3,android,16,16,11990
xiaomi,FALSE,helio,2,5020,4,64,6.5,4,android,48,13,11989
xiaomi,FALSE,snapdragon,2,5000,4,64,6.2,2,android,12,8,11490
motorola,FALSE,helio,2,4000,4,64,6.2,3,android,13,8,11490
google,FALSE,snapdragon,2,3700,4,64,6,1,android,12.2,8,15999
samsung,FALSE,exynos,2.2,3100,4,64,5.9,2,android,16,25,17990
samsung,TRUE,exynos,2.7,4500,8,256,6.7,3,android,16,10,78990
huawei,FALSE,kirin,2.4,3000,4,64,5.8,2,android,13,16,10949
xiaomi,FALSE,snapdragon,2,4100,4,64,5.5,1,android,13,5,10300
huawei,FALSE,kirin,2.9,5000,4,64,6.5,3,android,50,5,21990
iqoo,TRUE,snapdragon,3.2,5000,8,128,6.7,3,android,64,16,19990
vivo,TRUE,snapdragon,2.4,5000,8,256,6.7,3,android,64,32,32990
poco,FALSE,helio,2.2,5000,6,128,6.6,3,android,50,8,14499
nokia,TRUE,snapdragon,2.2,4200,6,128,6.4,2,android,50,16,41990
tecno,FALSE,helio,2,7000,6,128,6.8,2,android,16,8,13990
vivo,FALSE,helio,2.3,5000,3,64,6.5,2,android,13,8,10490
huawei,FALSE,snapdragon,2.4,4000,8,128,6.7,3,android,50,60,29990
huawei,FALSE,snapdragon,2.4,5000,8,128,6.7,4,android,50,8,22990
samsung,TRUE,dimensity,3,5000,8,128,6.7,3,android,48,16,47990
infinix,FALSE,helio,2,4500,8,128,6.7,3,android,108,16,19999
oneplus,TRUE,snapdragon,2.4,4500,8,128,6.4,3,android,50,32,29999
realme,FALSE,tiger,1.8,5000,4,128,6.6,3,android,50,8,11879
oneplus,TRUE,dimensity,2.8,4500,8,128,6.7,3,android,50,16,28990
iqoo,TRUE,snapdragon,2.9,4350,12,256,6.6,3,android,48,16,39990
xiaomi,TRUE,dimensity,2,5000,6,64,6.5,3,android,64,16,15999
oppo,TRUE,snapdragon,2.2,4500,8,256,6.4,2,android,48,16,22990
royole,TRUE,snapdragon,2.8,3360,8,128,7.2,3,android,64,32,149999
tecno,FALSE,helio,2,5000,4,128,6.8,3,android,48,16,11499
tecno,FALSE,helio,2,5000,8,256,6.7,4,android,50,48,22999
tecno,FALSE,helio,2.3,5000,4,64,6.6,2,android,50,8,7999
realme,TRUE,snapdragon,3.2,5000,8,128,6.6,3,android,64,16,31999
sony,TRUE,snapdragon,2,4500,6,64,6,3,android,12,8,30990
realme,FALSE,helio,2.3,6000,3,32,6.5,3,android,13,5,7999
tecno,FALSE,helio,2,7000,4,64,7,4,android,48,8,10999
poco,TRUE,dimensity,2.2,5000,6,128,6.7,3,android,50,16,14990
motorola,FALSE,snapdragon,2.3,6000,4,64,6.8,3,android,64,16,14499
oneplus,TRUE,snapdragon,2.8,4500,8,128,6.6,4,android,108,16,44999
realme,FALSE,helio,2,5000,8,128,6.4,4,android,64,16,17999
realme,TRUE,dimensity,2.4,5000,8,128,6.5,3,android,48,16,19999
itel,FALSE,spreadtrum,1.4,2400,1,8,5,1,android,5,2,3999
samsung,TRUE,exynos,2.9,5000,12,128,6.8,4,android,108,40,101999
oppo,TRUE,dimensity,2.6,4350,8,128,6.5,4,android,64,32,38700
oneplus,FALSE,snapdragon,2,4500,4,64,6.3,4,android,48,13,19999
samsung,FALSE,exynos,2,6000,4,64,6.5,4,android,48,8,10999
oneplus,FALSE,snapdragon,1.8,5000,4,64,6.5,3,android,13,8,16990
apple,TRUE,bionic,3.1,3240,4,256,5.4,2,ios,12,12,55999
apple,TRUE,bionic,3.1,3240,4,256,6.1,2,ios,12,12,67999
oppo,FALSE,helio,2.3,4230,3,32,6.5,3,android,13,5,9999
xiaomi,FALSE,snapdragon,2.3,5020,4,128,6.7,4,android,48,16,14439
oppo,FALSE,helio,1.8,4230,3,32,6.2,2,android,13,5,9990
realme,TRUE,snapdragon,2.8,4200,8,128,6.4,4,android,64,32,24999
samsung,TRUE,exynos,2.7,4500,8,128,6.7,4,android,64,10,85990
xiaomi,FALSE,helio,2,4500,6,64,6.5,4,android,64,20,16999
realme,FALSE,helio,2.1,4000,2,16,6.2,2,android,13,8,8999
oppo,FALSE,helio,2.5,3200,3,32,6,1,android,13,16,15990
lyf,FALSE,snapdragon,1.5,2500,3,32,5,1,android,13,13,3890
apple,TRUE,bionic,3.2,4532,8,128,6.7,2,ios,12,12,84990
vivo,TRUE,dimensity,2.2,5000,4,128,6.6,3,android,50,8,21999
lava,FALSE,helio,2.3,5000,4,64,6.5,3,android,13,8,8999
tecno,TRUE,dimensity,2.2,5000,6,128,6.8,3,android,50,16,20999
oppo,TRUE,dimensity,3,4500,8,128,6.4,3,android,50,32,32990
motorola,FALSE,helio,2.3,5000,4,64,6.5,2,android,16,8,9022
xiaomi,FALSE,helio,2,5000,3,32,6.5,2,android,8,5,8399
infinix,FALSE,helio,2,5000,3,64,6.6,2,android,13,8,9999
tecno,FALSE,helio,2.3,5000,3,64,6.6,2,android,13,8,8390
zte,TRUE,snapdragon,3.2,4200,6,128,6.9,4,android,50,16,19999
honor,FALSE,helio,2,5000,4,64,6.5,3,android,50,5,13999
xiaomi,TRUE,snapdragon,2.4,4500,8,128,6.6,3,android,50,32,29999
tcl,FALSE,helio,2,3000,3,32,6,1,android,13,5,8990
samsung,TRUE,snapdragon,3.2,4400,12,1024,7.6,3,android,50,10,163980
nothing,TRUE,snapdragon,2.5,5000,6,128,6.6,2,android,50,16,24990
motorola,TRUE,snapdragon,3.2,4450,8,128,6.7,3,android,200,60,59990
oneplus,TRUE,snapdragon,3.2,4800,12,256,6.7,3,android,50,16,47990
realme,TRUE,snapdragon,3.2,5000,8,128,6.7,3,android,50,16,40990
samsung,FALSE,snapdragon,3.2,6000,8,128,6.5,3,android,64,32,22999
samsung,FALSE,exynos,2.7,5000,4,64,6.5,2,android,48,5,12990
infinix,FALSE,helio,2,5000,8,128,6.7,3,android,50,16,14999
poco,TRUE,dimensity,3,4500,8,128,6.7,3,android,64,20,42999
iqoo,TRUE,snapdragon,2.2,5000,4,128,6.6,3,android,50,16,14999
vivo,FALSE,snapdragon,2.4,5000,8,128,6.4,3,android,50,16,22990
vivo,TRUE,snapdragon,3,4600,12,512,8,4,android,50,16,118990
oppo,TRUE,snapdragon,2.8,5000,8,128,6.6,3,android,50,16,29990
tecno,FALSE,unisoc,2,5000,3,64,6.6,2,android,13,8,7399
iqoo,TRUE,snapdragon,2.2,4200,8,128,6.7,3,android,50,16,17999
infinix,FALSE,helio,2,5000,6,128,6.7,3,android,50,16,12799
xiaomi,TRUE,dimensity,2.5,4500,8,128,6.7,3,android,108,16,26999
samsung,TRUE,dimensity,2.2,5000,8,128,6.6,3,android,64,8,22999
apple,TRUE,bionic,3.2,3095,6,1024,6.1,3,ios,12,12,147900
nubia,TRUE,snapdragon,2.9,5050,8,128,6.8,3,android,64,8,44999
micromax,FALSE,unisoc,1.8,5000,6,64,6.5,2,android,13,5,7790
nokia,TRUE,snapdragon,3.2,6000,6,128,6.5,4,android,200,16,39990
vivo,FALSE,snapdragon,2,5000,3,32,6.5,2,android,13,8,9999
oppo,TRUE,snapdragon,2.4,4000,6,128,6.5,4,android,64,16,22990
poco,TRUE,dimensity,3,5065,6,128,6.7,3,android,64,16,32999
honor,TRUE,snapdragon,2.4,4300,6,128,6.6,4,android,108,32,32990
oppo,FALSE,helio,2.3,5000,6,128,6.5,3,android,13,16,14999
realme,FALSE,helio,2,5000,4,64,6.6,3,android,50,16,12499
iqoo,TRUE,snapdragon,2.8,4000,8,128,6.6,3,android,48,16,39990
realme,FALSE,sc9863a,1.6,5000,2,32,6.5,1,android,8,5,6499
samsung,FALSE,helio,2,5000,6,128,6.4,4,android,48,13,18499
realme,TRUE,snapdragon,2.8,4500,8,128,6.4,3,android,64,16,30994
google,TRUE,snapdragon,2.4,4620,6,128,6.3,2,android,16,8,32999
samsung,FALSE,exynos,2,6000,4,64,6.5,4,android,48,8,10499
samsung,FALSE,exynos,2.3,6000,6,128,6.4,3,android,64,32,19999
samsung,FALSE,exynos,2,5000,6,128,6.5,4,android,48,13,17499
xiaomi,FALSE,helio,2,5000,6,128,6.5,1,android,13,5,10990
vivo,FALSE,snapdragon,2,4100,8,128,6.4,3,android,48,32,19000
oppo,FALSE,snapdragon,1.8,5000,6,128,6.5,3,android,13,16,13990
realme,FALSE,helio,2,6000,4,64,6.5,3,android,48,8,10499
itel,FALSE,unisoc,1.6,4000,3,32,6.1,2,android,8,5,5890
realme,FALSE,helio,2.3,5000,2,32,6.5,2,android,13,5,6490
xiaomi,TRUE,snapdragon,2.8,4780,8,256,6.7,4,android,108,20,54999
vivo,FALSE,snapdragon,1.8,5000,4,64,6.5,2,android,13,13,9990
oneplus,FALSE,snapdragon,2.4,4300,8,128,6.6,3,android,64,16,24999
sharp,FALSE,snapdragon,2.8,3730,12,256,6.5,3,android,48,16,59990
samsung,FALSE,unisoc,1.8,4000,2,32,6.4,3,android,13,8,9990
realme,FALSE,helio,2,4000,2,16,6.1,2,android,13,5,6999
huawei,TRUE,kirin,2.9,4500,8,512,8,4,android,48,13,169000
samsung,FALSE,snapdragon,2.2,3400,6,128,6.4,3,android,24,24,39990
samsung,FALSE,exynos,2.2,3300,4,64,6,3,android,24,24,21490
vivo,FALSE,snapdragon,1.2,2730,3,16,5.2,1,android,13,5,13490
poco,FALSE,helio,2,5000,4,64,6.7,2,android,50,5,7999
blackview,TRUE,helio,2.3,5180,4,64,6.1,2,android,13,8,8990
honor,FALSE,helio,2.3,5000,6,128,6.8,4,android,50,8,13999
oppo,TRUE,dimensity,2.2,5000,6,128,6.6,2,android,13,8,13990
lava,FALSE,helio,2,4000,3,32,6.5,2,android,8,5,6999
motorola,TRUE,snapdragon,3.2,4500,8,128,6.7,3,android,50,32,42990
ikall,FALSE,helio,1.3,5000,4,64,6.8,1,android,20,13,6799
oukitel,FALSE,helio,2,8000,6,128,5.9,3,android,16,8,25899
xiaomi,TRUE,snapdragon,3.2,5000,12,256,6.4,3,android,50,32,54999
motorola,TRUE,snapdragon,3.2,5000,8,128,6.6,3,android,50,32,49990
xiaomi,TRUE,dimensity,3.1,5000,8,256,6.7,3,android,64,32,32990
realme,FALSE,tiger,1.8,5000,4,64,6.5,1,android,8,5,8720
oppo,TRUE,snapdragon,3.2,4700,8,256,6.7,3,android,50,32,69990
itel,FALSE,spreadtrum,1.4,3020,2,32,5,1,android,2,5,4787
google,TRUE,google,2.8,5000,12,256,6.7,3,android,50,12,70990
vivo,TRUE,snapdragon,3.2,4800,12,256,8,3,android,50,32,119990
motorola,TRUE,snapdragon,3,5000,8,128,6.7,3,android,64,16,34990
honor,TRUE,snapdragon,2.2,5000,6,128,6.5,3,android,48,8,14990
poco,TRUE,dimensity,2.8,5080,8,256,6.6,3,android,64,16,28990
motorola,TRUE,snapdragon,2.2,5000,6,128,6.8,3,android,108,32,19990
samsung,TRUE,snapdragon,3.2,5000,8,128,6.5,3,android,64,32,24990
